m,TagName,
"2008-07-01 00:00:00","c#","3"
"2008-08-01 00:00:00","assembly","8"
"2008-08-01 00:00:00","javascript","162"
"2008-08-01 00:00:00","c","85"
"2008-08-01 00:00:00","python","124"
"2008-08-01 00:00:00","perl","28"
"2008-08-01 00:00:00","c#","511"
"2008-08-01 00:00:00","c++","164"
"2008-08-01 00:00:00","java","222"
"2008-08-01 00:00:00","delphi","14"
"2008-08-01 00:00:00","ruby","73"
"2008-08-01 00:00:00","php","161"
"2008-09-01 00:00:00","c","321"
"2008-09-01 00:00:00","delphi","105"
"2008-09-01 00:00:00","assembly","28"
"2008-09-01 00:00:00","javascript","640"
"2008-09-01 00:00:00","java","1137"
"2008-09-01 00:00:00","c#","1649"
"2008-09-01 00:00:00","perl","131"
"2008-09-01 00:00:00","python","542"
"2008-09-01 00:00:00","r","6"
"2008-09-01 00:00:00","c++","755"
"2008-09-01 00:00:00","php","482"
"2008-09-01 00:00:00","ruby","290"
"2008-10-01 00:00:00","delphi","112"
"2008-10-01 00:00:00","java","1153"
"2008-10-01 00:00:00","assembly","15"
"2008-10-01 00:00:00","c#","1989"
"2008-10-01 00:00:00","perl","127"
"2008-10-01 00:00:00","c","303"
"2008-10-01 00:00:00","php","617"
"2008-10-01 00:00:00","python","510"
"2008-10-01 00:00:00","javascript","725"
"2008-10-01 00:00:00","c++","811"
"2008-10-01 00:00:00","ruby","249"
"2008-11-01 00:00:00","assembly","17"
"2008-11-01 00:00:00","c#","1730"
"2008-11-01 00:00:00","python","452"
"2008-11-01 00:00:00","c","259"
"2008-11-01 00:00:00","java","958"
"2008-11-01 00:00:00","delphi","141"
"2008-11-01 00:00:00","c++","735"
"2008-11-01 00:00:00","javascript","579"
"2008-11-01 00:00:00","perl","97"
"2008-11-01 00:00:00","php","504"
"2008-11-01 00:00:00","ruby","160"
"2008-11-01 00:00:00","r","1"
"2008-12-01 00:00:00","javascript","627"
"2008-12-01 00:00:00","assembly","18"
"2008-12-01 00:00:00","c","186"
"2008-12-01 00:00:00","c#","1597"
"2008-12-01 00:00:00","java","832"
"2008-12-01 00:00:00","php","481"
"2008-12-01 00:00:00","c++","633"
"2008-12-01 00:00:00","delphi","134"
"2008-12-01 00:00:00","r","1"
"2008-12-01 00:00:00","python","441"
"2008-12-01 00:00:00","perl","134"
"2008-12-01 00:00:00","ruby","161"
"2009-01-01 00:00:00","delphi","164"
"2009-01-01 00:00:00","r","8"
"2009-01-01 00:00:00","php","636"
"2009-01-01 00:00:00","java","1150"
"2009-01-01 00:00:00","c#","2378"
"2009-01-01 00:00:00","assembly","22"
"2009-01-01 00:00:00","c++","853"
"2009-01-01 00:00:00","c","321"
"2009-01-01 00:00:00","ruby","209"
"2009-01-01 00:00:00","perl","147"
"2009-01-01 00:00:00","swift","1"
"2009-01-01 00:00:00","javascript","792"
"2009-01-01 00:00:00","python","631"
"2009-02-01 00:00:00","javascript","948"
"2009-02-01 00:00:00","perl","165"
"2009-02-01 00:00:00","python","630"
"2009-02-01 00:00:00","c","332"
"2009-02-01 00:00:00","c#","2599"
"2009-02-01 00:00:00","assembly","37"
"2009-02-01 00:00:00","java","1208"
"2009-02-01 00:00:00","c++","845"
"2009-02-01 00:00:00","r","9"
"2009-02-01 00:00:00","ruby","287"
"2009-02-01 00:00:00","delphi","168"
"2009-02-01 00:00:00","swift","1"
"2009-02-01 00:00:00","php","769"
"2009-03-01 00:00:00","assembly","24"
"2009-03-01 00:00:00","javascript","1005"
"2009-03-01 00:00:00","c#","3162"
"2009-03-01 00:00:00","c","430"
"2009-03-01 00:00:00","java","1440"
"2009-03-01 00:00:00","php","904"
"2009-03-01 00:00:00","c++","1056"
"2009-03-01 00:00:00","r","4"
"2009-03-01 00:00:00","perl","139"
"2009-03-01 00:00:00","delphi","162"
"2009-03-01 00:00:00","ruby","330"
"2009-03-01 00:00:00","python","765"
"2009-03-01 00:00:00","swift","1"
"2009-04-01 00:00:00","assembly","49"
"2009-04-01 00:00:00","javascript","1050"
"2009-04-01 00:00:00","python","768"
"2009-04-01 00:00:00","java","1534"
"2009-04-01 00:00:00","delphi","185"
"2009-04-01 00:00:00","c++","1020"
"2009-04-01 00:00:00","c#","3320"
"2009-04-01 00:00:00","c","458"
"2009-04-01 00:00:00","php","968"
"2009-04-01 00:00:00","perl","161"
"2009-04-01 00:00:00","ruby","358"
"2009-04-01 00:00:00","r","12"
"2009-05-01 00:00:00","javascript","1434"
"2009-05-01 00:00:00","assembly","47"
"2009-05-01 00:00:00","delphi","202"
"2009-05-01 00:00:00","c","481"
"2009-05-01 00:00:00","c#","3560"
"2009-05-01 00:00:00","python","999"
"2009-05-01 00:00:00","ruby","402"
"2009-05-01 00:00:00","java","1819"
"2009-05-01 00:00:00","c++","1218"
"2009-05-01 00:00:00","perl","197"
"2009-05-01 00:00:00","php","1183"
"2009-05-01 00:00:00","r","2"
"2009-05-01 00:00:00","swift","2"
"2009-06-01 00:00:00","c","505"
"2009-06-01 00:00:00","java","2115"
"2009-06-01 00:00:00","assembly","49"
"2009-06-01 00:00:00","delphi","222"
"2009-06-01 00:00:00","c++","1253"
"2009-06-01 00:00:00","javascript","1557"
"2009-06-01 00:00:00","perl","247"
"2009-06-01 00:00:00","c#","3885"
"2009-06-01 00:00:00","r","5"
"2009-06-01 00:00:00","php","1580"
"2009-06-01 00:00:00","ruby","433"
"2009-06-01 00:00:00","python","1045"
"2009-06-01 00:00:00","swift","1"
"2009-07-01 00:00:00","c#","4411"
"2009-07-01 00:00:00","assembly","32"
"2009-07-01 00:00:00","c++","1468"
"2009-07-01 00:00:00","python","1162"
"2009-07-01 00:00:00","java","2263"
"2009-07-01 00:00:00","perl","259"
"2009-07-01 00:00:00","c","542"
"2009-07-01 00:00:00","delphi","269"
"2009-07-01 00:00:00","javascript","1750"
"2009-07-01 00:00:00","r","51"
"2009-07-01 00:00:00","ruby","500"
"2009-07-01 00:00:00","php","2035"
"2009-08-01 00:00:00","assembly","48"
"2009-08-01 00:00:00","c","530"
"2009-08-01 00:00:00","delphi","246"
"2009-08-01 00:00:00","javascript","1858"
"2009-08-01 00:00:00","perl","252"
"2009-08-01 00:00:00","java","2193"
"2009-08-01 00:00:00","php","2186"
"2009-08-01 00:00:00","c#","4460"
"2009-08-01 00:00:00","r","47"
"2009-08-01 00:00:00","python","1139"
"2009-08-01 00:00:00","c++","1401"
"2009-08-01 00:00:00","ruby","485"
"2009-08-01 00:00:00","swift","2"
"2009-09-01 00:00:00","java","2264"
"2009-09-01 00:00:00","javascript","1755"
"2009-09-01 00:00:00","c#","4356"
"2009-09-01 00:00:00","c","573"
"2009-09-01 00:00:00","assembly","62"
"2009-09-01 00:00:00","php","2268"
"2009-09-01 00:00:00","c++","1465"
"2009-09-01 00:00:00","perl","250"
"2009-09-01 00:00:00","python","1166"
"2009-09-01 00:00:00","delphi","252"
"2009-09-01 00:00:00","ruby","477"
"2009-09-01 00:00:00","r","138"
"2009-09-01 00:00:00","swift","2"
"2009-10-01 00:00:00","assembly","74"
"2009-10-01 00:00:00","delphi","255"
"2009-10-01 00:00:00","javascript","2044"
"2009-10-01 00:00:00","c++","1689"
"2009-10-01 00:00:00","java","2505"
"2009-10-01 00:00:00","c#","4724"
"2009-10-01 00:00:00","c","775"
"2009-10-01 00:00:00","python","1421"
"2009-10-01 00:00:00","perl","282"
"2009-10-01 00:00:00","php","2364"
"2009-10-01 00:00:00","r","73"
"2009-10-01 00:00:00","ruby","493"
"2009-10-01 00:00:00","swift","1"
"2009-11-01 00:00:00","delphi","274"
"2009-11-01 00:00:00","python","1559"
"2009-11-01 00:00:00","c#","4682"
"2009-11-01 00:00:00","c","967"
"2009-11-01 00:00:00","javascript","2227"
"2009-11-01 00:00:00","assembly","82"
"2009-11-01 00:00:00","c++","1758"
"2009-11-01 00:00:00","go","66"
"2009-11-01 00:00:00","ruby","654"
"2009-11-01 00:00:00","perl","323"
"2009-11-01 00:00:00","php","2690"
"2009-11-01 00:00:00","java","2763"
"2009-11-01 00:00:00","swift","2"
"2009-11-01 00:00:00","r","94"
"2009-12-01 00:00:00","delphi","282"
"2009-12-01 00:00:00","php","2830"
"2009-12-01 00:00:00","assembly","62"
"2009-12-01 00:00:00","java","2690"
"2009-12-01 00:00:00","python","1589"
"2009-12-01 00:00:00","c#","4491"
"2009-12-01 00:00:00","perl","262"
"2009-12-01 00:00:00","c","851"
"2009-12-01 00:00:00","r","80"
"2009-12-01 00:00:00","go","11"
"2009-12-01 00:00:00","javascript","2302"
"2009-12-01 00:00:00","ruby","573"
"2009-12-01 00:00:00","c++","1658"
"2009-12-01 00:00:00","swift","1"
"2010-01-01 00:00:00","javascript","2620"
"2010-01-01 00:00:00","assembly","101"
"2010-01-01 00:00:00","c++","2001"
"2010-01-01 00:00:00","python","1949"
"2010-01-01 00:00:00","c#","5116"
"2010-01-01 00:00:00","go","15"
"2010-01-01 00:00:00","c","982"
"2010-01-01 00:00:00","delphi","303"
"2010-01-01 00:00:00","java","3728"
"2010-01-01 00:00:00","perl","302"
"2010-01-01 00:00:00","ruby","686"
"2010-01-01 00:00:00","php","3439"
"2010-01-01 00:00:00","r","94"
"2010-02-01 00:00:00","assembly","69"
"2010-02-01 00:00:00","c","1036"
"2010-02-01 00:00:00","delphi","283"
"2010-02-01 00:00:00","c#","5105"
"2010-02-01 00:00:00","perl","348"
"2010-02-01 00:00:00","java","3582"
"2010-02-01 00:00:00","go","7"
"2010-02-01 00:00:00","javascript","2640"
"2010-02-01 00:00:00","php","3170"
"2010-02-01 00:00:00","r","122"
"2010-02-01 00:00:00","c++","2277"
"2010-02-01 00:00:00","python","1866"
"2010-02-01 00:00:00","swift","2"
"2010-02-01 00:00:00","ruby","688"
"2010-03-01 00:00:00","assembly","122"
"2010-03-01 00:00:00","javascript","2986"
"2010-03-01 00:00:00","go","8"
"2010-03-01 00:00:00","python","2072"
"2010-03-01 00:00:00","delphi","318"
"2010-03-01 00:00:00","c++","2440"
"2010-03-01 00:00:00","c","1118"
"2010-03-01 00:00:00","c#","6039"
"2010-03-01 00:00:00","java","4448"
"2010-03-01 00:00:00","php","3757"
"2010-03-01 00:00:00","perl","392"
"2010-03-01 00:00:00","ruby","696"
"2010-03-01 00:00:00","r","139"
"2010-04-01 00:00:00","javascript","3003"
"2010-04-01 00:00:00","c","1186"
"2010-04-01 00:00:00","delphi","271"
"2010-04-01 00:00:00","python","1816"
"2010-04-01 00:00:00","c#","5786"
"2010-04-01 00:00:00","assembly","124"
"2010-04-01 00:00:00","php","3651"
"2010-04-01 00:00:00","ruby","753"
"2010-04-01 00:00:00","go","10"
"2010-04-01 00:00:00","java","3889"
"2010-04-01 00:00:00","swift","2"
"2010-04-01 00:00:00","c++","2490"
"2010-04-01 00:00:00","r","160"
"2010-04-01 00:00:00","perl","365"
"2010-05-01 00:00:00","java","4177"
"2010-05-01 00:00:00","assembly","108"
"2010-05-01 00:00:00","c++","2423"
"2010-05-01 00:00:00","delphi","280"
"2010-05-01 00:00:00","javascript","3226"
"2010-05-01 00:00:00","perl","287"
"2010-05-01 00:00:00","c","1180"
"2010-05-01 00:00:00","c#","5939"
"2010-05-01 00:00:00","r","139"
"2010-05-01 00:00:00","php","3997"
"2010-05-01 00:00:00","ruby","776"
"2010-05-01 00:00:00","go","17"
"2010-05-01 00:00:00","swift","1"
"2010-05-01 00:00:00","python","2010"
"2010-06-01 00:00:00","assembly","91"
"2010-06-01 00:00:00","java","4290"
"2010-06-01 00:00:00","c#","6153"
"2010-06-01 00:00:00","javascript","3469"
"2010-06-01 00:00:00","delphi","329"
"2010-06-01 00:00:00","c","1155"
"2010-06-01 00:00:00","go","15"
"2010-06-01 00:00:00","c++","2828"
"2010-06-01 00:00:00","php","4099"
"2010-06-01 00:00:00","perl","409"
"2010-06-01 00:00:00","ruby","853"
"2010-06-01 00:00:00","python","2209"
"2010-06-01 00:00:00","swift","2"
"2010-06-01 00:00:00","r","178"
"2010-07-01 00:00:00","c","1288"
"2010-07-01 00:00:00","c#","6687"
"2010-07-01 00:00:00","php","4610"
"2010-07-01 00:00:00","delphi","334"
"2010-07-01 00:00:00","java","4522"
"2010-07-01 00:00:00","javascript","3874"
"2010-07-01 00:00:00","assembly","98"
"2010-07-01 00:00:00","go","8"
"2010-07-01 00:00:00","r","234"
"2010-07-01 00:00:00","c++","2690"
"2010-07-01 00:00:00","perl","437"
"2010-07-01 00:00:00","python","2596"
"2010-07-01 00:00:00","swift","1"
"2010-07-01 00:00:00","ruby","911"
"2010-08-01 00:00:00","javascript","4001"
"2010-08-01 00:00:00","java","4712"
"2010-08-01 00:00:00","c#","6965"
"2010-08-01 00:00:00","go","13"
"2010-08-01 00:00:00","php","5148"
"2010-08-01 00:00:00","assembly","86"
"2010-08-01 00:00:00","c++","2638"
"2010-08-01 00:00:00","c","1371"
"2010-08-01 00:00:00","ruby","995"
"2010-08-01 00:00:00","perl","548"
"2010-08-01 00:00:00","swift","2"
"2010-08-01 00:00:00","r","283"
"2010-08-01 00:00:00","python","2494"
"2010-08-01 00:00:00","delphi","354"
"2010-09-01 00:00:00","assembly","117"
"2010-09-01 00:00:00","javascript","3999"
"2010-09-01 00:00:00","java","4723"
"2010-09-01 00:00:00","python","2252"
"2010-09-01 00:00:00","delphi","319"
"2010-09-01 00:00:00","c++","2744"
"2010-09-01 00:00:00","c","1382"
"2010-09-01 00:00:00","c#","6405"
"2010-09-01 00:00:00","perl","460"
"2010-09-01 00:00:00","php","4703"
"2010-09-01 00:00:00","go","9"
"2010-09-01 00:00:00","ruby","938"
"2010-09-01 00:00:00","r","236"
"2010-09-01 00:00:00","swift","1"
"2010-10-01 00:00:00","javascript","4119"
"2010-10-01 00:00:00","delphi","361"
"2010-10-01 00:00:00","c","1444"
"2010-10-01 00:00:00","assembly","123"
"2010-10-01 00:00:00","c#","6745"
"2010-10-01 00:00:00","python","2672"
"2010-10-01 00:00:00","go","13"
"2010-10-01 00:00:00","perl","500"
"2010-10-01 00:00:00","php","4523"
"2010-10-01 00:00:00","java","5033"
"2010-10-01 00:00:00","c++","2934"
"2010-10-01 00:00:00","r","214"
"2010-10-01 00:00:00","ruby","926"
"2010-10-01 00:00:00","swift","1"
"2010-11-01 00:00:00","java","5603"
"2010-11-01 00:00:00","assembly","164"
"2010-11-01 00:00:00","c","1676"
"2010-11-01 00:00:00","delphi","390"
"2010-11-01 00:00:00","javascript","4545"
"2010-11-01 00:00:00","perl","466"
"2010-11-01 00:00:00","c++","3374"
"2010-11-01 00:00:00","c#","7324"
"2010-11-01 00:00:00","r","242"
"2010-11-01 00:00:00","php","5125"
"2010-11-01 00:00:00","ruby","929"
"2010-11-01 00:00:00","go","16"
"2010-11-01 00:00:00","swift","1"
"2010-11-01 00:00:00","python","2611"
"2010-12-01 00:00:00","c#","7117"
"2010-12-01 00:00:00","c++","3139"
"2010-12-01 00:00:00","python","2484"
"2010-12-01 00:00:00","assembly","123"
"2010-12-01 00:00:00","java","5682"
"2010-12-01 00:00:00","c","1469"
"2010-12-01 00:00:00","go","18"
"2010-12-01 00:00:00","javascript","4948"
"2010-12-01 00:00:00","delphi","321"
"2010-12-01 00:00:00","ruby","1022"
"2010-12-01 00:00:00","perl","501"
"2010-12-01 00:00:00","swift","2"
"2010-12-01 00:00:00","php","5400"
"2010-12-01 00:00:00","r","223"
"2011-01-01 00:00:00","c","1462"
"2011-01-01 00:00:00","delphi","370"
"2011-01-01 00:00:00","assembly","134"
"2011-01-01 00:00:00","c#","7994"
"2011-01-01 00:00:00","java","6546"
"2011-01-01 00:00:00","go","15"
"2011-01-01 00:00:00","perl","480"
"2011-01-01 00:00:00","javascript","5428"
"2011-01-01 00:00:00","r","250"
"2011-01-01 00:00:00","c++","3501"
"2011-01-01 00:00:00","php","6444"
"2011-01-01 00:00:00","python","2907"
"2011-01-01 00:00:00","swift","3"
"2011-01-01 00:00:00","ruby","1204"
"2011-02-01 00:00:00","javascript","5589"
"2011-02-01 00:00:00","java","6876"
"2011-02-01 00:00:00","c#","8233"
"2011-02-01 00:00:00","go","16"
"2011-02-01 00:00:00","php","6723"
"2011-02-01 00:00:00","assembly","145"
"2011-02-01 00:00:00","c++","3449"
"2011-02-01 00:00:00","c","1641"
"2011-02-01 00:00:00","ruby","1253"
"2011-02-01 00:00:00","perl","483"
"2011-02-01 00:00:00","swift","3"
"2011-02-01 00:00:00","r","322"
"2011-02-01 00:00:00","python","3017"
"2011-02-01 00:00:00","delphi","360"
"2011-03-01 00:00:00","php","8128"
"2011-03-01 00:00:00","assembly","192"
"2011-03-01 00:00:00","python","3751"
"2011-03-01 00:00:00","javascript","6767"
"2011-03-01 00:00:00","c#","9998"
"2011-03-01 00:00:00","c","2109"
"2011-03-01 00:00:00","ruby","1639"
"2011-03-01 00:00:00","c++","4182"
"2011-03-01 00:00:00","delphi","518"
"2011-03-01 00:00:00","java","8482"
"2011-03-01 00:00:00","swift","3"
"2011-03-01 00:00:00","perl","604"
"2011-03-01 00:00:00","go","3"
"2011-03-01 00:00:00","r","422"
"2011-04-01 00:00:00","java","7903"
"2011-04-01 00:00:00","delphi","402"
"2011-04-01 00:00:00","perl","553"
"2011-04-01 00:00:00","c#","9288"
"2011-04-01 00:00:00","c","2042"
"2011-04-01 00:00:00","php","7675"
"2011-04-01 00:00:00","assembly","158"
"2011-04-01 00:00:00","c++","4171"
"2011-04-01 00:00:00","javascript","6880"
"2011-04-01 00:00:00","go","7"
"2011-04-01 00:00:00","r","476"
"2011-04-01 00:00:00","ruby","1477"
"2011-04-01 00:00:00","python","3348"
"2011-04-01 00:00:00","swift","3"
"2011-05-01 00:00:00","c++","3889"
"2011-05-01 00:00:00","assembly","158"
"2011-05-01 00:00:00","c#","10038"
"2011-05-01 00:00:00","java","8576"
"2011-05-01 00:00:00","javascript","7311"
"2011-05-01 00:00:00","delphi","477"
"2011-05-01 00:00:00","go","37"
"2011-05-01 00:00:00","c","1826"
"2011-05-01 00:00:00","ruby","1565"
"2011-05-01 00:00:00","php","8121"
"2011-05-01 00:00:00","swift","1"
"2011-05-01 00:00:00","perl","582"
"2011-05-01 00:00:00","python","3522"
"2011-05-01 00:00:00","r","427"
"2011-06-01 00:00:00","python","3475"
"2011-06-01 00:00:00","c#","9781"
"2011-06-01 00:00:00","assembly","140"
"2011-06-01 00:00:00","javascript","7693"
"2011-06-01 00:00:00","c","1767"
"2011-06-01 00:00:00","c++","3817"
"2011-06-01 00:00:00","perl","570"
"2011-06-01 00:00:00","ruby","1560"
"2011-06-01 00:00:00","delphi","456"
"2011-06-01 00:00:00","java","7926"
"2011-06-01 00:00:00","php","8068"
"2011-06-01 00:00:00","swift","3"
"2011-06-01 00:00:00","go","34"
"2011-06-01 00:00:00","r","444"
"2011-07-01 00:00:00","c#","9620"
"2011-07-01 00:00:00","javascript","8113"
"2011-07-01 00:00:00","java","8172"
"2011-07-01 00:00:00","go","26"
"2011-07-01 00:00:00","c++","3853"
"2011-07-01 00:00:00","php","8728"
"2011-07-01 00:00:00","assembly","141"
"2011-07-01 00:00:00","c","1660"
"2011-07-01 00:00:00","ruby","1583"
"2011-07-01 00:00:00","r","454"
"2011-07-01 00:00:00","perl","661"
"2011-07-01 00:00:00","delphi","430"
"2011-07-01 00:00:00","swift","12"
"2011-07-01 00:00:00","python","3667"
"2011-08-01 00:00:00","assembly","159"
"2011-08-01 00:00:00","go","40"
"2011-08-01 00:00:00","python","3835"
"2011-08-01 00:00:00","javascript","8907"
"2011-08-01 00:00:00","delphi","424"
"2011-08-01 00:00:00","c","1823"
"2011-08-01 00:00:00","c#","10090"
"2011-08-01 00:00:00","c++","3955"
"2011-08-01 00:00:00","java","8703"
"2011-08-01 00:00:00","php","8975"
"2011-08-01 00:00:00","perl","616"
"2011-08-01 00:00:00","ruby","1860"
"2011-08-01 00:00:00","r","586"
"2011-08-01 00:00:00","swift","8"
"2011-09-01 00:00:00","c","1918"
"2011-09-01 00:00:00","python","3522"
"2011-09-01 00:00:00","javascript","8207"
"2011-09-01 00:00:00","delphi","414"
"2011-09-01 00:00:00","assembly","155"
"2011-09-01 00:00:00","ruby","1552"
"2011-09-01 00:00:00","java","8348"
"2011-09-01 00:00:00","c#","9323"
"2011-09-01 00:00:00","c++","3949"
"2011-09-01 00:00:00","swift","6"
"2011-09-01 00:00:00","r","612"
"2011-09-01 00:00:00","php","8106"
"2011-09-01 00:00:00","perl","500"
"2011-09-01 00:00:00","go","26"
"2011-10-01 00:00:00","java","8577"
"2011-10-01 00:00:00","assembly","213"
"2011-10-01 00:00:00","delphi","465"
"2011-10-01 00:00:00","c++","4357"
"2011-10-01 00:00:00","javascript","8045"
"2011-10-01 00:00:00","perl","560"
"2011-10-01 00:00:00","c#","9239"
"2011-10-01 00:00:00","c","2140"
"2011-10-01 00:00:00","go","40"
"2011-10-01 00:00:00","php","8102"
"2011-10-01 00:00:00","r","621"
"2011-10-01 00:00:00","python","3631"
"2011-10-01 00:00:00","ruby","1618"
"2011-10-01 00:00:00","swift","6"
"2011-11-01 00:00:00","assembly","211"
"2011-11-01 00:00:00","javascript","8691"
"2011-11-01 00:00:00","java","9665"
"2011-11-01 00:00:00","c#","9926"
"2011-11-01 00:00:00","delphi","507"
"2011-11-01 00:00:00","c++","4490"
"2011-11-01 00:00:00","c","2202"
"2011-11-01 00:00:00","go","66"
"2011-11-01 00:00:00","php","8721"
"2011-11-01 00:00:00","ruby","1741"
"2011-11-01 00:00:00","perl","610"
"2011-11-01 00:00:00","swift","3"
"2011-11-01 00:00:00","python","3877"
"2011-11-01 00:00:00","r","607"
"2011-12-01 00:00:00","java","9227"
"2011-12-01 00:00:00","php","8377"
"2011-12-01 00:00:00","c#","9338"
"2011-12-01 00:00:00","delphi","574"
"2011-12-01 00:00:00","c","2008"
"2011-12-01 00:00:00","assembly","227"
"2011-12-01 00:00:00","javascript","8347"
"2011-12-01 00:00:00","go","52"
"2011-12-01 00:00:00","r","614"
"2011-12-01 00:00:00","perl","542"
"2011-12-01 00:00:00","c++","4366"
"2011-12-01 00:00:00","python","3627"
"2011-12-01 00:00:00","swift","2"
"2011-12-01 00:00:00","ruby","1690"
"2012-01-01 00:00:00","java","10164"
"2012-01-01 00:00:00","javascript","9616"
"2012-01-01 00:00:00","c#","10477"
"2012-01-01 00:00:00","go","37"
"2012-01-01 00:00:00","assembly","170"
"2012-01-01 00:00:00","php","9362"
"2012-01-01 00:00:00","c++","4553"
"2012-01-01 00:00:00","c","2234"
"2012-01-01 00:00:00","perl","569"
"2012-01-01 00:00:00","r","690"
"2012-01-01 00:00:00","ruby","1910"
"2012-01-01 00:00:00","delphi","514"
"2012-01-01 00:00:00","python","4212"
"2012-01-01 00:00:00","swift","6"
"2012-02-01 00:00:00","assembly","233"
"2012-02-01 00:00:00","javascript","10001"
"2012-02-01 00:00:00","python","4498"
"2012-02-01 00:00:00","java","10981"
"2012-02-01 00:00:00","delphi","472"
"2012-02-01 00:00:00","c++","5115"
"2012-02-01 00:00:00","c#","10778"
"2012-02-01 00:00:00","c","2412"
"2012-02-01 00:00:00","php","9984"
"2012-02-01 00:00:00","perl","615"
"2012-02-01 00:00:00","ruby","2051"
"2012-02-01 00:00:00","go","31"
"2012-02-01 00:00:00","swift","9"
"2012-02-01 00:00:00","r","813"
"2012-03-01 00:00:00","delphi","499"
"2012-03-01 00:00:00","c++","5246"
"2012-03-01 00:00:00","java","12425"
"2012-03-01 00:00:00","assembly","261"
"2012-03-01 00:00:00","c#","11621"
"2012-03-01 00:00:00","c","2739"
"2012-03-01 00:00:00","javascript","10718"
"2012-03-01 00:00:00","php","10937"
"2012-03-01 00:00:00","go","47"
"2012-03-01 00:00:00","perl","609"
"2012-03-01 00:00:00","python","5049"
"2012-03-01 00:00:00","r","889"
"2012-03-01 00:00:00","ruby","2196"
"2012-03-01 00:00:00","swift","4"
"2012-04-01 00:00:00","delphi","482"
"2012-04-01 00:00:00","java","12070"
"2012-04-01 00:00:00","assembly","275"
"2012-04-01 00:00:00","php","10470"
"2012-04-01 00:00:00","c","2671"
"2012-04-01 00:00:00","c++","5316"
"2012-04-01 00:00:00","perl","602"
"2012-04-01 00:00:00","c#","11152"
"2012-04-01 00:00:00","python","4932"
"2012-04-01 00:00:00","javascript","10702"
"2012-04-01 00:00:00","r","843"
"2012-04-01 00:00:00","go","69"
"2012-04-01 00:00:00","ruby","1975"
"2012-04-01 00:00:00","swift","5"
"2012-05-01 00:00:00","assembly","227"
"2012-05-01 00:00:00","c++","4992"
"2012-05-01 00:00:00","c#","11605"
"2012-05-01 00:00:00","java","12214"
"2012-05-01 00:00:00","delphi","481"
"2012-05-01 00:00:00","javascript","11540"
"2012-05-01 00:00:00","go","69"
"2012-05-01 00:00:00","c","2485"
"2012-05-01 00:00:00","perl","649"
"2012-05-01 00:00:00","ruby","1980"
"2012-05-01 00:00:00","php","10982"
"2012-05-01 00:00:00","r","876"
"2012-05-01 00:00:00","swift","6"
"2012-05-01 00:00:00","python","5111"
"2012-06-01 00:00:00","java","11142"
"2012-06-01 00:00:00","go","72"
"2012-06-01 00:00:00","c#","11342"
"2012-06-01 00:00:00","javascript","11265"
"2012-06-01 00:00:00","assembly","203"
"2012-06-01 00:00:00","c","2316"
"2012-06-01 00:00:00","c++","4663"
"2012-06-01 00:00:00","php","10630"
"2012-06-01 00:00:00","python","5286"
"2012-06-01 00:00:00","perl","745"
"2012-06-01 00:00:00","ruby","1891"
"2012-06-01 00:00:00","delphi","418"
"2012-06-01 00:00:00","swift","4"
"2012-06-01 00:00:00","r","974"
"2012-07-01 00:00:00","delphi","442"
"2012-07-01 00:00:00","assembly","201"
"2012-07-01 00:00:00","c++","5289"
"2012-07-01 00:00:00","c","2374"
"2012-07-01 00:00:00","c#","12347"
"2012-07-01 00:00:00","java","12274"
"2012-07-01 00:00:00","python","5738"
"2012-07-01 00:00:00","go","76"
"2012-07-01 00:00:00","javascript","12323"
"2012-07-01 00:00:00","perl","668"
"2012-07-01 00:00:00","swift","6"
"2012-07-01 00:00:00","r","1121"
"2012-07-01 00:00:00","php","11797"
"2012-07-01 00:00:00","ruby","2066"
"2012-08-01 00:00:00","php","11943"
"2012-08-01 00:00:00","assembly","189"
"2012-08-01 00:00:00","c#","11973"
"2012-08-01 00:00:00","go","72"
"2012-08-01 00:00:00","c++","5167"
"2012-08-01 00:00:00","delphi","403"
"2012-08-01 00:00:00","python","5872"
"2012-08-01 00:00:00","c","2322"
"2012-08-01 00:00:00","javascript","12448"
"2012-08-01 00:00:00","perl","769"
"2012-08-01 00:00:00","ruby","2063"
"2012-08-01 00:00:00","java","12275"
"2012-08-01 00:00:00","swift","4"
"2012-08-01 00:00:00","r","1090"
"2012-09-01 00:00:00","javascript","11172"
"2012-09-01 00:00:00","c","2533"
"2012-09-01 00:00:00","c#","11290"
"2012-09-01 00:00:00","assembly","225"
"2012-09-01 00:00:00","java","11635"
"2012-09-01 00:00:00","c++","4917"
"2012-09-01 00:00:00","delphi","385"
"2012-09-01 00:00:00","php","11030"
"2012-09-01 00:00:00","go","130"
"2012-09-01 00:00:00","perl","671"
"2012-09-01 00:00:00","python","5260"
"2012-09-01 00:00:00","r","1060"
"2012-09-01 00:00:00","ruby","1960"
"2012-09-01 00:00:00","swift","7"
"2012-10-01 00:00:00","c#","12741"
"2012-10-01 00:00:00","delphi","478"
"2012-10-01 00:00:00","c++","5918"
"2012-10-01 00:00:00","go","101"
"2012-10-01 00:00:00","javascript","12428"
"2012-10-01 00:00:00","assembly","315"
"2012-10-01 00:00:00","c","3155"
"2012-10-01 00:00:00","python","6138"
"2012-10-01 00:00:00","java","13517"
"2012-10-01 00:00:00","php","11840"
"2012-10-01 00:00:00","swift","4"
"2012-10-01 00:00:00","perl","693"
"2012-10-01 00:00:00","r","1266"
"2012-10-01 00:00:00","ruby","2262"
"2012-11-01 00:00:00","java","13632"
"2012-11-01 00:00:00","assembly","303"
"2012-11-01 00:00:00","c++","6280"
"2012-11-01 00:00:00","c#","12247"
"2012-11-01 00:00:00","c","3198"
"2012-11-01 00:00:00","delphi","444"
"2012-11-01 00:00:00","javascript","12357"
"2012-11-01 00:00:00","go","104"
"2012-11-01 00:00:00","r","1346"
"2012-11-01 00:00:00","perl","640"
"2012-11-01 00:00:00","ruby","2134"
"2012-11-01 00:00:00","php","11837"
"2012-11-01 00:00:00","python","6403"
"2012-11-01 00:00:00","swift","2"
"2012-12-01 00:00:00","java","12451"
"2012-12-01 00:00:00","delphi","429"
"2012-12-01 00:00:00","assembly","264"
"2012-12-01 00:00:00","c#","10966"
"2012-12-01 00:00:00","c","2573"
"2012-12-01 00:00:00","python","5765"
"2012-12-01 00:00:00","go","113"
"2012-12-01 00:00:00","c++","5692"
"2012-12-01 00:00:00","javascript","11751"
"2012-12-01 00:00:00","ruby","1906"
"2012-12-01 00:00:00","php","11127"
"2012-12-01 00:00:00","swift","3"
"2012-12-01 00:00:00","perl","558"
"2012-12-01 00:00:00","r","1216"
"2013-01-01 00:00:00","java","13753"
"2013-01-01 00:00:00","c#","12804"
"2013-01-01 00:00:00","c","2913"
"2013-01-01 00:00:00","c++","6055"
"2013-01-01 00:00:00","assembly","297"
"2013-01-01 00:00:00","delphi","484"
"2013-01-01 00:00:00","go","101"
"2013-01-01 00:00:00","python","6590"
"2013-01-01 00:00:00","perl","668"
"2013-01-01 00:00:00","javascript","13807"
"2013-01-01 00:00:00","r","1511"
"2013-01-01 00:00:00","swift","5"
"2013-01-01 00:00:00","php","12937"
"2013-01-01 00:00:00","ruby","2310"
"2013-02-01 00:00:00","php","12650"
"2013-02-01 00:00:00","assembly","322"
"2013-02-01 00:00:00","c#","12546"
"2013-02-01 00:00:00","go","117"
"2013-02-01 00:00:00","c++","6081"
"2013-02-01 00:00:00","delphi","449"
"2013-02-01 00:00:00","python","6755"
"2013-02-01 00:00:00","c","3102"
"2013-02-01 00:00:00","javascript","13671"
"2013-02-01 00:00:00","perl","755"
"2013-02-01 00:00:00","ruby","2226"
"2013-02-01 00:00:00","java","13757"
"2013-02-01 00:00:00","swift","5"
"2013-02-01 00:00:00","r","1664"
"2013-03-01 00:00:00","delphi","523"
"2013-03-01 00:00:00","assembly","365"
"2013-03-01 00:00:00","go","127"
"2013-03-01 00:00:00","java","15971"
"2013-03-01 00:00:00","c#","14289"
"2013-03-01 00:00:00","c","3453"
"2013-03-01 00:00:00","ruby","2567"
"2013-03-01 00:00:00","c++","7200"
"2013-03-01 00:00:00","php","14242"
"2013-03-01 00:00:00","perl","862"
"2013-03-01 00:00:00","swift","5"
"2013-03-01 00:00:00","javascript","15353"
"2013-03-01 00:00:00","python","7650"
"2013-03-01 00:00:00","r","1853"
"2013-04-01 00:00:00","c#","13960"
"2013-04-01 00:00:00","go","125"
"2013-04-01 00:00:00","python","7965"
"2013-04-01 00:00:00","c++","7171"
"2013-04-01 00:00:00","java","16310"
"2013-04-01 00:00:00","assembly","333"
"2013-04-01 00:00:00","c","3549"
"2013-04-01 00:00:00","perl","853"
"2013-04-01 00:00:00","javascript","15415"
"2013-04-01 00:00:00","delphi","517"
"2013-04-01 00:00:00","ruby","2472"
"2013-04-01 00:00:00","r","1843"
"2013-04-01 00:00:00","swift","6"
"2013-04-01 00:00:00","php","13540"
"2013-05-01 00:00:00","javascript","15106"
"2013-05-01 00:00:00","java","15359"
"2013-05-01 00:00:00","c#","13532"
"2013-05-01 00:00:00","c","3202"
"2013-05-01 00:00:00","php","13224"
"2013-05-01 00:00:00","assembly","301"
"2013-05-01 00:00:00","c++","6864"
"2013-05-01 00:00:00","go","143"
"2013-05-01 00:00:00","ruby","2348"
"2013-05-01 00:00:00","python","7839"
"2013-05-01 00:00:00","swift","1"
"2013-05-01 00:00:00","delphi","539"
"2013-05-01 00:00:00","perl","920"
"2013-05-01 00:00:00","r","1787"
"2013-06-01 00:00:00","delphi","474"
"2013-06-01 00:00:00","java","14003"
"2013-06-01 00:00:00","assembly","299"
"2013-06-01 00:00:00","c#","12835"
"2013-06-01 00:00:00","c","2955"
"2013-06-01 00:00:00","c++","6210"
"2013-06-01 00:00:00","perl","851"
"2013-06-01 00:00:00","python","7618"
"2013-06-01 00:00:00","go","176"
"2013-06-01 00:00:00","javascript","14660"
"2013-06-01 00:00:00","php","12835"
"2013-06-01 00:00:00","ruby","2229"
"2013-06-01 00:00:00","r","1780"
"2013-06-01 00:00:00","swift","3"
"2013-07-01 00:00:00","c++","6593"
"2013-07-01 00:00:00","assembly","299"
"2013-07-01 00:00:00","go","200"
"2013-07-01 00:00:00","c#","14245"
"2013-07-01 00:00:00","php","14466"
"2013-07-01 00:00:00","delphi","509"
"2013-07-01 00:00:00","c","3028"
"2013-07-01 00:00:00","python","8642"
"2013-07-01 00:00:00","javascript","16893"
"2013-07-01 00:00:00","perl","984"
"2013-07-01 00:00:00","java","15263"
"2013-07-01 00:00:00","ruby","2448"
"2013-07-01 00:00:00","r","1978"
"2013-07-01 00:00:00","swift","7"
"2013-08-01 00:00:00","javascript","16893"
"2013-08-01 00:00:00","assembly","214"
"2013-08-01 00:00:00","c","3015"
"2013-08-01 00:00:00","c#","13899"
"2013-08-01 00:00:00","java","15122"
"2013-08-01 00:00:00","php","14460"
"2013-08-01 00:00:00","c++","6267"
"2013-08-01 00:00:00","delphi","450"
"2013-08-01 00:00:00","perl","853"
"2013-08-01 00:00:00","python","7960"
"2013-08-01 00:00:00","r","1926"
"2013-08-01 00:00:00","go","208"
"2013-08-01 00:00:00","ruby","2490"
"2013-08-01 00:00:00","swift","3"
"2013-09-01 00:00:00","java","16330"
"2013-09-01 00:00:00","delphi","489"
"2013-09-01 00:00:00","assembly","293"
"2013-09-01 00:00:00","php","14384"
"2013-09-01 00:00:00","c++","6581"
"2013-09-01 00:00:00","c#","13809"
"2013-09-01 00:00:00","c","3406"
"2013-09-01 00:00:00","go","237"
"2013-09-01 00:00:00","javascript","17796"
"2013-09-01 00:00:00","ruby","2396"
"2013-09-01 00:00:00","perl","706"
"2013-09-01 00:00:00","swift","10"
"2013-09-01 00:00:00","python","7989"
"2013-09-01 00:00:00","r","1717"
"2013-10-01 00:00:00","assembly","381"
"2013-10-01 00:00:00","c++","8005"
"2013-10-01 00:00:00","java","18816"
"2013-10-01 00:00:00","c#","15248"
"2013-10-01 00:00:00","delphi","525"
"2013-10-01 00:00:00","javascript","19827"
"2013-10-01 00:00:00","c","4248"
"2013-10-01 00:00:00","go","212"
"2013-10-01 00:00:00","perl","839"
"2013-10-01 00:00:00","ruby","2792"
"2013-10-01 00:00:00","r","2102"
"2013-10-01 00:00:00","swift","9"
"2013-10-01 00:00:00","php","15484"
"2013-10-01 00:00:00","python","9522"
"2013-11-01 00:00:00","java","18846"
"2013-11-01 00:00:00","c#","14654"
"2013-11-01 00:00:00","go","210"
"2013-11-01 00:00:00","javascript","18586"
"2013-11-01 00:00:00","assembly","419"
"2013-11-01 00:00:00","c++","8164"
"2013-11-01 00:00:00","c","4300"
"2013-11-01 00:00:00","php","15047"
"2013-11-01 00:00:00","python","9522"
"2013-11-01 00:00:00","ruby","2579"
"2013-11-01 00:00:00","perl","838"
"2013-11-01 00:00:00","swift","5"
"2013-11-01 00:00:00","delphi","462"
"2013-11-01 00:00:00","r","2192"
"2013-12-01 00:00:00","assembly","358"
"2013-12-01 00:00:00","delphi","450"
"2013-12-01 00:00:00","c++","7036"
"2013-12-01 00:00:00","c","3509"
"2013-12-01 00:00:00","java","17536"
"2013-12-01 00:00:00","c#","13679"
"2013-12-01 00:00:00","python","8492"
"2013-12-01 00:00:00","go","240"
"2013-12-01 00:00:00","perl","782"
"2013-12-01 00:00:00","javascript","18109"
"2013-12-01 00:00:00","swift","9"
"2013-12-01 00:00:00","r","1911"
"2013-12-01 00:00:00","ruby","2452"
"2013-12-01 00:00:00","php","14577"
"2014-01-01 00:00:00","php","16982"
"2014-01-01 00:00:00","c#","15394"
"2014-01-01 00:00:00","go","303"
"2014-01-01 00:00:00","assembly","339"
"2014-01-01 00:00:00","c++","7717"
"2014-01-01 00:00:00","python","9864"
"2014-01-01 00:00:00","c","3748"
"2014-01-01 00:00:00","delphi","493"
"2014-01-01 00:00:00","javascript","21202"
"2014-01-01 00:00:00","perl","825"
"2014-01-01 00:00:00","java","18767"
"2014-01-01 00:00:00","ruby","2773"
"2014-01-01 00:00:00","r","2357"
"2014-01-01 00:00:00","swift","5"
"2014-02-01 00:00:00","javascript","21267"
"2014-02-01 00:00:00","assembly","375"
"2014-02-01 00:00:00","c","3985"
"2014-02-01 00:00:00","c#","15172"
"2014-02-01 00:00:00","java","19378"
"2014-02-01 00:00:00","php","16739"
"2014-02-01 00:00:00","c++","7707"
"2014-02-01 00:00:00","delphi","492"
"2014-02-01 00:00:00","perl","816"
"2014-02-01 00:00:00","python","9939"
"2014-02-01 00:00:00","r","2621"
"2014-02-01 00:00:00","go","205"
"2014-02-01 00:00:00","ruby","2616"
"2014-02-01 00:00:00","swift","12"
"2014-03-01 00:00:00","assembly","455"
"2014-03-01 00:00:00","c#","16265"
"2014-03-01 00:00:00","python","11468"
"2014-03-01 00:00:00","c++","8701"
"2014-03-01 00:00:00","go","255"
"2014-03-01 00:00:00","java","22109"
"2014-03-01 00:00:00","delphi","441"
"2014-03-01 00:00:00","c","4586"
"2014-03-01 00:00:00","perl","940"
"2014-03-01 00:00:00","javascript","22786"
"2014-03-01 00:00:00","php","18564"
"2014-03-01 00:00:00","ruby","2957"
"2014-03-01 00:00:00","r","2823"
"2014-03-01 00:00:00","swift","4"
"2014-04-01 00:00:00","c","4030"
"2014-04-01 00:00:00","perl","842"
"2014-04-01 00:00:00","c#","15402"
"2014-04-01 00:00:00","delphi","393"
"2014-04-01 00:00:00","java","21020"
"2014-04-01 00:00:00","assembly","364"
"2014-04-01 00:00:00","javascript","21573"
"2014-04-01 00:00:00","go","342"
"2014-04-01 00:00:00","r","2744"
"2014-04-01 00:00:00","php","17908"
"2014-04-01 00:00:00","c++","8162"
"2014-04-01 00:00:00","python","10812"
"2014-04-01 00:00:00","swift","4"
"2014-04-01 00:00:00","ruby","2753"
"2014-05-01 00:00:00","java","18088"
"2014-05-01 00:00:00","delphi","475"
"2014-05-01 00:00:00","c","3284"
"2014-05-01 00:00:00","python","9301"
"2014-05-01 00:00:00","c++","6827"
"2014-05-01 00:00:00","c#","13992"
"2014-05-01 00:00:00","assembly","333"
"2014-05-01 00:00:00","ruby","2684"
"2014-05-01 00:00:00","javascript","19923"
"2014-05-01 00:00:00","go","280"
"2014-05-01 00:00:00","swift","9"
"2014-05-01 00:00:00","perl","819"
"2014-05-01 00:00:00","r","2595"
"2014-05-01 00:00:00","php","14984"
"2014-06-01 00:00:00","java","16016"
"2014-06-01 00:00:00","delphi","415"
"2014-06-01 00:00:00","javascript","18428"
"2014-06-01 00:00:00","python","8954"
"2014-06-01 00:00:00","assembly","273"
"2014-06-01 00:00:00","c#","12599"
"2014-06-01 00:00:00","c","2784"
"2014-06-01 00:00:00","c++","5710"
"2014-06-01 00:00:00","perl","702"
"2014-06-01 00:00:00","php","13212"
"2014-06-01 00:00:00","r","2404"
"2014-06-01 00:00:00","ruby","2341"
"2014-06-01 00:00:00","go","288"
"2014-06-01 00:00:00","swift","2413"
"2014-07-01 00:00:00","javascript","20259"
"2014-07-01 00:00:00","c++","6309"
"2014-07-01 00:00:00","c#","13773"
"2014-07-01 00:00:00","assembly","217"
"2014-07-01 00:00:00","java","17466"
"2014-07-01 00:00:00","c","2848"
"2014-07-01 00:00:00","delphi","446"
"2014-07-01 00:00:00","php","14471"
"2014-07-01 00:00:00","go","454"
"2014-07-01 00:00:00","perl","756"
"2014-07-01 00:00:00","python","9974"
"2014-07-01 00:00:00","r","2646"
"2014-07-01 00:00:00","ruby","2566"
"2014-07-01 00:00:00","swift","1646"
"2014-08-01 00:00:00","delphi","426"
"2014-08-01 00:00:00","java","15837"
"2014-08-01 00:00:00","assembly","183"
"2014-08-01 00:00:00","c#","12578"
"2014-08-01 00:00:00","c","2690"
"2014-08-01 00:00:00","c++","5916"
"2014-08-01 00:00:00","perl","701"
"2014-08-01 00:00:00","go","405"
"2014-08-01 00:00:00","python","9149"
"2014-08-01 00:00:00","javascript","18583"
"2014-08-01 00:00:00","r","2486"
"2014-08-01 00:00:00","php","13372"
"2014-08-01 00:00:00","swift","1703"
"2014-08-01 00:00:00","ruby","2480"
"2014-09-01 00:00:00","c#","12407"
"2014-09-01 00:00:00","assembly","288"
"2014-09-01 00:00:00","c++","6241"
"2014-09-01 00:00:00","python","8807"
"2014-09-01 00:00:00","java","16820"
"2014-09-01 00:00:00","go","392"
"2014-09-01 00:00:00","c","3247"
"2014-09-01 00:00:00","delphi","447"
"2014-09-01 00:00:00","javascript","18235"
"2014-09-01 00:00:00","perl","698"
"2014-09-01 00:00:00","ruby","2282"
"2014-09-01 00:00:00","php","13521"
"2014-09-01 00:00:00","swift","1907"
"2014-09-01 00:00:00","r","2380"
"2014-10-01 00:00:00","c#","12640"
"2014-10-01 00:00:00","javascript","19017"
"2014-10-01 00:00:00","java","18010"
"2014-10-01 00:00:00","go","383"
"2014-10-01 00:00:00","c++","6878"
"2014-10-01 00:00:00","php","13782"
"2014-10-01 00:00:00","assembly","391"
"2014-10-01 00:00:00","c","3819"
"2014-10-01 00:00:00","ruby","2346"
"2014-10-01 00:00:00","perl","660"
"2014-10-01 00:00:00","python","9626"
"2014-10-01 00:00:00","delphi","411"
"2014-10-01 00:00:00","swift","2469"
"2014-10-01 00:00:00","r","2790"
"2014-11-01 00:00:00","java","17956"
"2014-11-01 00:00:00","delphi","430"
"2014-11-01 00:00:00","assembly","389"
"2014-11-01 00:00:00","c#","11944"
"2014-11-01 00:00:00","c++","6596"
"2014-11-01 00:00:00","python","9612"
"2014-11-01 00:00:00","c","3692"
"2014-11-01 00:00:00","ruby","2120"
"2014-11-01 00:00:00","javascript","18069"
"2014-11-01 00:00:00","perl","665"
"2014-11-01 00:00:00","swift","2570"
"2014-11-01 00:00:00","go","338"
"2014-11-01 00:00:00","php","13185"
"2014-11-01 00:00:00","r","2713"
"2014-12-01 00:00:00","c++","6113"
"2014-12-01 00:00:00","assembly","329"
"2014-12-01 00:00:00","c#","11167"
"2014-12-01 00:00:00","go","351"
"2014-12-01 00:00:00","php","12513"
"2014-12-01 00:00:00","delphi","317"
"2014-12-01 00:00:00","python","9078"
"2014-12-01 00:00:00","c","3164"
"2014-12-01 00:00:00","javascript","17082"
"2014-12-01 00:00:00","perl","579"
"2014-12-01 00:00:00","ruby","2156"
"2014-12-01 00:00:00","java","16470"
"2014-12-01 00:00:00","swift","2501"
"2014-12-01 00:00:00","r","2369"
"2015-01-01 00:00:00","javascript","18621"
"2015-01-01 00:00:00","c","3222"
"2015-01-01 00:00:00","c#","11823"
"2015-01-01 00:00:00","assembly","333"
"2015-01-01 00:00:00","java","16639"
"2015-01-01 00:00:00","c++","6172"
"2015-01-01 00:00:00","delphi","383"
"2015-01-01 00:00:00","php","13773"
"2015-01-01 00:00:00","go","470"
"2015-01-01 00:00:00","perl","606"
"2015-01-01 00:00:00","python","9730"
"2015-01-01 00:00:00","r","2704"
"2015-01-01 00:00:00","ruby","2437"
"2015-01-01 00:00:00","swift","3070"
"2015-02-01 00:00:00","delphi","416"
"2015-02-01 00:00:00","java","16827"
"2015-02-01 00:00:00","assembly","359"
"2015-02-01 00:00:00","php","13627"
"2015-02-01 00:00:00","c","3380"
"2015-02-01 00:00:00","c++","6495"
"2015-02-01 00:00:00","perl","572"
"2015-02-01 00:00:00","c#","11852"
"2015-02-01 00:00:00","python","10230"
"2015-02-01 00:00:00","javascript","18747"
"2015-02-01 00:00:00","r","2980"
"2015-02-01 00:00:00","go","384"
"2015-02-01 00:00:00","ruby","2261"
"2015-02-01 00:00:00","swift","3247"
"2015-03-01 00:00:00","assembly","390"
"2015-03-01 00:00:00","javascript","20626"
"2015-03-01 00:00:00","c","3925"
"2015-03-01 00:00:00","delphi","412"
"2015-03-01 00:00:00","perl","664"
"2015-03-01 00:00:00","c#","13322"
"2015-03-01 00:00:00","java","19850"
"2015-03-01 00:00:00","go","469"
"2015-03-01 00:00:00","php","15062"
"2015-03-01 00:00:00","python","11653"
"2015-03-01 00:00:00","r","3573"
"2015-03-01 00:00:00","c++","7410"
"2015-03-01 00:00:00","ruby","2466"
"2015-03-01 00:00:00","swift","3607"
"2015-04-01 00:00:00","php","15124"
"2015-04-01 00:00:00","java","19890"
"2015-04-01 00:00:00","c++","7164"
"2015-04-01 00:00:00","c","3966"
"2015-04-01 00:00:00","javascript","20991"
"2015-04-01 00:00:00","assembly","442"
"2015-04-01 00:00:00","c#","13151"
"2015-04-01 00:00:00","go","391"
"2015-04-01 00:00:00","python","11488"
"2015-04-01 00:00:00","perl","587"
"2015-04-01 00:00:00","ruby","2510"
"2015-04-01 00:00:00","delphi","391"
"2015-04-01 00:00:00","swift","4032"
"2015-04-01 00:00:00","r","3335"
"2015-05-01 00:00:00","java","18605"
"2015-05-01 00:00:00","delphi","400"
"2015-05-01 00:00:00","c++","6843"
"2015-05-01 00:00:00","javascript","22240"
"2015-05-01 00:00:00","assembly","372"
"2015-05-01 00:00:00","c#","13430"
"2015-05-01 00:00:00","python","11251"
"2015-05-01 00:00:00","c","3531"
"2015-05-01 00:00:00","r","3435"
"2015-05-01 00:00:00","php","14705"
"2015-05-01 00:00:00","ruby","2510"
"2015-05-01 00:00:00","go","396"
"2015-05-01 00:00:00","perl","538"
"2015-05-01 00:00:00","swift","3813"
"2015-06-01 00:00:00","delphi","388"
"2015-06-01 00:00:00","javascript","22694"
"2015-06-01 00:00:00","perl","594"
"2015-06-01 00:00:00","java","17919"
"2015-06-01 00:00:00","assembly","266"
"2015-06-01 00:00:00","c#","13594"
"2015-06-01 00:00:00","r","3438"
"2015-06-01 00:00:00","c","3175"
"2015-06-01 00:00:00","python","11841"
"2015-06-01 00:00:00","php","14492"
"2015-06-01 00:00:00","go","423"
"2015-06-01 00:00:00","c++","6534"
"2015-06-01 00:00:00","ruby","2583"
"2015-06-01 00:00:00","swift","4339"
"2015-07-01 00:00:00","delphi","385"
"2015-07-01 00:00:00","java","18761"
"2015-07-01 00:00:00","go","468"
"2015-07-01 00:00:00","assembly","260"
"2015-07-01 00:00:00","c#","14179"
"2015-07-01 00:00:00","c++","6729"
"2015-07-01 00:00:00","ruby","2587"
"2015-07-01 00:00:00","c","2821"
"2015-07-01 00:00:00","php","15526"
"2015-07-01 00:00:00","javascript","24075"
"2015-07-01 00:00:00","perl","592"
"2015-07-01 00:00:00","swift","5160"
"2015-07-01 00:00:00","python","12364"
"2015-07-01 00:00:00","r","3987"
"2015-08-01 00:00:00","c#","13289"
"2015-08-01 00:00:00","assembly","217"
"2015-08-01 00:00:00","python","11258"
"2015-08-01 00:00:00","c++","5893"
"2015-08-01 00:00:00","java","17139"
"2015-08-01 00:00:00","go","449"
"2015-08-01 00:00:00","c","2586"
"2015-08-01 00:00:00","delphi","388"
"2015-08-01 00:00:00","javascript","22213"
"2015-08-01 00:00:00","r","3497"
"2015-08-01 00:00:00","ruby","2321"
"2015-08-01 00:00:00","perl","567"
"2015-08-01 00:00:00","swift","5098"
"2015-08-01 00:00:00","php","14364"
"2015-09-01 00:00:00","c","3091"
"2015-09-01 00:00:00","delphi","359"
"2015-09-01 00:00:00","perl","486"
"2015-09-01 00:00:00","javascript","21486"
"2015-09-01 00:00:00","java","17003"
"2015-09-01 00:00:00","go","426"
"2015-09-01 00:00:00","assembly","257"
"2015-09-01 00:00:00","c#","12958"
"2015-09-01 00:00:00","r","3338"
"2015-09-01 00:00:00","python","10999"
"2015-09-01 00:00:00","php","13623"
"2015-09-01 00:00:00","c++","5928"
"2015-09-01 00:00:00","ruby","2167"
"2015-09-01 00:00:00","swift","4566"
"2015-10-01 00:00:00","delphi","422"
"2015-10-01 00:00:00","java","18603"
"2015-10-01 00:00:00","c","3689"
"2015-10-01 00:00:00","c#","12842"
"2015-10-01 00:00:00","assembly","432"
"2015-10-01 00:00:00","c++","7066"
"2015-10-01 00:00:00","go","429"
"2015-10-01 00:00:00","python","12529"
"2015-10-01 00:00:00","perl","517"
"2015-10-01 00:00:00","javascript","21891"
"2015-10-01 00:00:00","r","3690"
"2015-10-01 00:00:00","ruby","2197"
"2015-10-01 00:00:00","php","14021"
"2015-10-01 00:00:00","swift","4316"
"2015-11-01 00:00:00","java","17836"
"2015-11-01 00:00:00","javascript","21335"
"2015-11-01 00:00:00","python","12339"
"2015-11-01 00:00:00","delphi","392"
"2015-11-01 00:00:00","assembly","404"
"2015-11-01 00:00:00","c","3625"
"2015-11-01 00:00:00","c++","7107"
"2015-11-01 00:00:00","c#","12430"
"2015-11-01 00:00:00","perl","476"
"2015-11-01 00:00:00","php","13431"
"2015-11-01 00:00:00","ruby","1962"
"2015-11-01 00:00:00","go","435"
"2015-11-01 00:00:00","r","3547"
"2015-11-01 00:00:00","swift","4331"
"2015-12-01 00:00:00","java","16610"
"2015-12-01 00:00:00","c#","12199"
"2015-12-01 00:00:00","c++","6579"
"2015-12-01 00:00:00","assembly","352"
"2015-12-01 00:00:00","javascript","21156"
"2015-12-01 00:00:00","delphi","314"
"2015-12-01 00:00:00","c","3096"
"2015-12-01 00:00:00","php","13878"
"2015-12-01 00:00:00","perl","489"
"2015-12-01 00:00:00","go","426"
"2015-12-01 00:00:00","r","3184"
"2015-12-01 00:00:00","python","11686"
"2015-12-01 00:00:00","ruby","2031"
"2015-12-01 00:00:00","swift","4391"
"2016-01-01 00:00:00","assembly","248"
"2016-01-01 00:00:00","delphi","318"
"2016-01-01 00:00:00","java","16691"
"2016-01-01 00:00:00","c#","12408"
"2016-01-01 00:00:00","c","3056"
"2016-01-01 00:00:00","go","496"
"2016-01-01 00:00:00","c++","6118"
"2016-01-01 00:00:00","php","14684"
"2016-01-01 00:00:00","perl","464"
"2016-01-01 00:00:00","ruby","2150"
"2016-01-01 00:00:00","javascript","22578"
"2016-01-01 00:00:00","python","12385"
"2016-01-01 00:00:00","swift","4805"
"2016-01-01 00:00:00","r","3542"
"2016-02-01 00:00:00","c#","12788"
"2016-02-01 00:00:00","assembly","349"
"2016-02-01 00:00:00","python","13292"
"2016-02-01 00:00:00","c++","6577"
"2016-02-01 00:00:00","java","17900"
"2016-02-01 00:00:00","go","542"
"2016-02-01 00:00:00","c","3288"
"2016-02-01 00:00:00","delphi","358"
"2016-02-01 00:00:00","javascript","22539"
"2016-02-01 00:00:00","perl","516"
"2016-02-01 00:00:00","ruby","2250"
"2016-02-01 00:00:00","php","15030"
"2016-02-01 00:00:00","swift","4763"
"2016-02-01 00:00:00","r","3607"
"2016-03-01 00:00:00","delphi","340"
"2016-03-01 00:00:00","java","19972"
"2016-03-01 00:00:00","go","595"
"2016-03-01 00:00:00","c#","13673"
"2016-03-01 00:00:00","assembly","437"
"2016-03-01 00:00:00","c","3464"
"2016-03-01 00:00:00","r","4053"
"2016-03-01 00:00:00","python","14118"
"2016-03-01 00:00:00","perl","483"
"2016-03-01 00:00:00","javascript","24158"
"2016-03-01 00:00:00","php","15251"
"2016-03-01 00:00:00","c++","7054"
"2016-03-01 00:00:00","ruby","2266"
"2016-03-01 00:00:00","swift","5091"
"2016-04-01 00:00:00","assembly","412"
"2016-04-01 00:00:00","c#","13771"
"2016-04-01 00:00:00","python","13706"
"2016-04-01 00:00:00","c","3365"
"2016-04-01 00:00:00","java","19551"
"2016-04-01 00:00:00","delphi","323"
"2016-04-01 00:00:00","c++","6917"
"2016-04-01 00:00:00","go","603"
"2016-04-01 00:00:00","perl","507"
"2016-04-01 00:00:00","javascript","23509"
"2016-04-01 00:00:00","ruby","2215"
"2016-04-01 00:00:00","php","14571"
"2016-04-01 00:00:00","r","4136"
"2016-04-01 00:00:00","swift","4770"
"2016-05-01 00:00:00","javascript","23068"
"2016-05-01 00:00:00","c#","13553"
"2016-05-01 00:00:00","c","2730"
"2016-05-01 00:00:00","python","13162"
"2016-05-01 00:00:00","assembly","323"
"2016-05-01 00:00:00","delphi","338"
"2016-05-01 00:00:00","java","17104"
"2016-05-01 00:00:00","ruby","2132"
"2016-05-01 00:00:00","c++","6156"
"2016-05-01 00:00:00","php","14551"
"2016-05-01 00:00:00","r","3804"
"2016-05-01 00:00:00","go","581"
"2016-05-01 00:00:00","perl","501"
"2016-05-01 00:00:00","swift","4442"
"2016-06-01 00:00:00","java","15962"
"2016-06-01 00:00:00","delphi","281"
"2016-06-01 00:00:00","r","3869"
"2016-06-01 00:00:00","php","13748"
"2016-06-01 00:00:00","c","2312"
"2016-06-01 00:00:00","c#","13122"
"2016-06-01 00:00:00","assembly","288"
"2016-06-01 00:00:00","c++","5737"
"2016-06-01 00:00:00","javascript","22209"
"2016-06-01 00:00:00","go","550"
"2016-06-01 00:00:00","perl","453"
"2016-06-01 00:00:00","ruby","2113"
"2016-06-01 00:00:00","python","12953"
"2016-06-01 00:00:00","swift","4817"
"2016-07-01 00:00:00","c++","5490"
"2016-07-01 00:00:00","assembly","200"
"2016-07-01 00:00:00","c#","12061"
"2016-07-01 00:00:00","java","14991"
"2016-07-01 00:00:00","javascript","22245"
"2016-07-01 00:00:00","delphi","243"
"2016-07-01 00:00:00","go","538"
"2016-07-01 00:00:00","c","2355"
"2016-07-01 00:00:00","ruby","1906"
"2016-07-01 00:00:00","php","13005"
"2016-07-01 00:00:00","swift","4954"
"2016-07-01 00:00:00","perl","440"
"2016-07-01 00:00:00","python","12863"
"2016-07-01 00:00:00","r","3754"
"2016-08-01 00:00:00","python","12944"
"2016-08-01 00:00:00","java","15226"
"2016-08-01 00:00:00","assembly","257"
"2016-08-01 00:00:00","javascript","22724"
"2016-08-01 00:00:00","c","2222"
"2016-08-01 00:00:00","c#","12772"
"2016-08-01 00:00:00","perl","475"
"2016-08-01 00:00:00","ruby","1884"
"2016-08-01 00:00:00","delphi","338"
"2016-08-01 00:00:00","c++","5027"
"2016-08-01 00:00:00","php","12955"
"2016-08-01 00:00:00","swift","4923"
"2016-08-01 00:00:00","go","576"
"2016-08-01 00:00:00","r","3791"
"2016-09-01 00:00:00","delphi","288"
"2016-09-01 00:00:00","java","14726"
"2016-09-01 00:00:00","assembly","335"
"2016-09-01 00:00:00","c#","11160"
"2016-09-01 00:00:00","go","514"
"2016-09-01 00:00:00","c","2519"
"2016-09-01 00:00:00","php","12220"
"2016-09-01 00:00:00","python","12380"
"2016-09-01 00:00:00","perl","475"
"2016-09-01 00:00:00","javascript","20490"
"2016-09-01 00:00:00","r","3303"
"2016-09-01 00:00:00","c++","5160"
"2016-09-01 00:00:00","ruby","1929"
"2016-09-01 00:00:00","swift","4883"
"2016-10-01 00:00:00","php","12352"
"2016-10-01 00:00:00","assembly","397"
"2016-10-01 00:00:00","go","533"
"2016-10-01 00:00:00","c#","11497"
"2016-10-01 00:00:00","c++","5995"
"2016-10-01 00:00:00","delphi","268"
"2016-10-01 00:00:00","c","3222"
"2016-10-01 00:00:00","python","13543"
"2016-10-01 00:00:00","javascript","20491"
"2016-10-01 00:00:00","java","15388"
"2016-10-01 00:00:00","ruby","1823"
"2016-10-01 00:00:00","perl","419"
"2016-10-01 00:00:00","swift","4738"
"2016-10-01 00:00:00","r","3791"
"2016-11-01 00:00:00","c","3276"
"2016-11-01 00:00:00","c#","11697"
"2016-11-01 00:00:00","javascript","20563"
"2016-11-01 00:00:00","python","14228"
"2016-11-01 00:00:00","assembly","414"
"2016-11-01 00:00:00","delphi","273"
"2016-11-01 00:00:00","java","15695"
"2016-11-01 00:00:00","ruby","1763"
"2016-11-01 00:00:00","c++","6109"
"2016-11-01 00:00:00","php","12028"
"2016-11-01 00:00:00","r","3566"
"2016-11-01 00:00:00","go","478"
"2016-11-01 00:00:00","perl","387"
"2016-11-01 00:00:00","swift","4372"
"2016-12-01 00:00:00","assembly","314"
"2016-12-01 00:00:00","java","13887"
"2016-12-01 00:00:00","r","3153"
"2016-12-01 00:00:00","delphi","253"
"2016-12-01 00:00:00","perl","352"
"2016-12-01 00:00:00","javascript","19848"
"2016-12-01 00:00:00","c","2803"
"2016-12-01 00:00:00","c#","10739"
"2016-12-01 00:00:00","php","11532"
"2016-12-01 00:00:00","go","498"
"2016-12-01 00:00:00","ruby","1629"
"2016-12-01 00:00:00","python","13082"
"2016-12-01 00:00:00","c++","5254"
"2016-12-01 00:00:00","swift","3946"
"2017-01-01 00:00:00","assembly","307"
"2017-01-01 00:00:00","c++","5670"
"2017-01-01 00:00:00","java","14621"
"2017-01-01 00:00:00","c#","11753"
"2017-01-01 00:00:00","delphi","285"
"2017-01-01 00:00:00","javascript","21457"
"2017-01-01 00:00:00","c","2767"
"2017-01-01 00:00:00","go","562"
"2017-01-01 00:00:00","php","12688"
"2017-01-01 00:00:00","ruby","1825"
"2017-01-01 00:00:00","perl","346"
"2017-01-01 00:00:00","swift","4350"
"2017-01-01 00:00:00","python","14316"
"2017-01-01 00:00:00","r","3500"
"2017-02-01 00:00:00","python","14813"
"2017-02-01 00:00:00","java","14613"
"2017-02-01 00:00:00","assembly","302"
"2017-02-01 00:00:00","javascript","21228"
"2017-02-01 00:00:00","c","2734"
"2017-02-01 00:00:00","c#","11549"
"2017-02-01 00:00:00","perl","419"
"2017-02-01 00:00:00","ruby","1633"
"2017-02-01 00:00:00","delphi","304"
"2017-02-01 00:00:00","c++","5197"
"2017-02-01 00:00:00","php","12593"
"2017-02-01 00:00:00","swift","4075"
"2017-02-01 00:00:00","go","556"
"2017-02-01 00:00:00","r","3685"
"2017-03-01 00:00:00","delphi","305"
"2017-03-01 00:00:00","assembly","373"
"2017-03-01 00:00:00","c++","6244"
"2017-03-01 00:00:00","c","2980"
"2017-03-01 00:00:00","c#","13047"
"2017-03-01 00:00:00","java","17366"
"2017-03-01 00:00:00","python","17167"
"2017-03-01 00:00:00","perl","428"
"2017-03-01 00:00:00","javascript","23758"
"2017-03-01 00:00:00","r","4608"
"2017-03-01 00:00:00","ruby","1791"
"2017-03-01 00:00:00","go","657"
"2017-03-01 00:00:00","swift","4629"
"2017-03-01 00:00:00","php","14159"
"2017-04-01 00:00:00","c#","11138"
"2017-04-01 00:00:00","c","2866"
"2017-04-01 00:00:00","c++","5899"
"2017-04-01 00:00:00","python","15686"
"2017-04-01 00:00:00","javascript","21289"
"2017-04-01 00:00:00","go","510"
"2017-04-01 00:00:00","php","12502"
"2017-04-01 00:00:00","assembly","320"
"2017-04-01 00:00:00","ruby","1491"
"2017-04-01 00:00:00","java","15987"
"2017-04-01 00:00:00","swift","3931"
"2017-04-01 00:00:00","delphi","263"
"2017-04-01 00:00:00","r","4267"
"2017-04-01 00:00:00","perl","376"
"2017-05-01 00:00:00","delphi","319"
"2017-05-01 00:00:00","java","16395"
"2017-05-01 00:00:00","r","4331"
"2017-05-01 00:00:00","php","13115"
"2017-05-01 00:00:00","assembly","349"
"2017-05-01 00:00:00","c","2749"
"2017-05-01 00:00:00","perl","363"
"2017-05-01 00:00:00","c#","12046"
"2017-05-01 00:00:00","python","16214"
"2017-05-01 00:00:00","javascript","22435"
"2017-05-01 00:00:00","c++","5316"
"2017-05-01 00:00:00","go","590"
"2017-05-01 00:00:00","ruby","1521"
"2017-05-01 00:00:00","swift","4113"
"2017-06-01 00:00:00","javascript","21635"
"2017-06-01 00:00:00","perl","332"
"2017-06-01 00:00:00","c","2367"
"2017-06-01 00:00:00","go","576"
"2017-06-01 00:00:00","c#","11350"
"2017-06-01 00:00:00","assembly","242"
"2017-06-01 00:00:00","c++","4702"
"2017-06-01 00:00:00","python","16074"
"2017-06-01 00:00:00","java","14658"
"2017-06-01 00:00:00","r","4460"
"2017-06-01 00:00:00","ruby","1419"
"2017-06-01 00:00:00","delphi","246"
"2017-06-01 00:00:00","swift","4205"
"2017-06-01 00:00:00","php","11845"
"2017-07-01 00:00:00","c#","11254"
"2017-07-01 00:00:00","javascript","21664"
"2017-07-01 00:00:00","python","16961"
"2017-07-01 00:00:00","c","2058"
"2017-07-01 00:00:00","java","14191"
"2017-07-01 00:00:00","php","11859"
"2017-07-01 00:00:00","c++","5041"
"2017-07-01 00:00:00","assembly","222"
"2017-07-01 00:00:00","swift","4357"
"2017-07-01 00:00:00","ruby","1524"
"2017-07-01 00:00:00","delphi","207"
"2017-07-01 00:00:00","perl","341"
"2017-07-01 00:00:00","go","658"
"2017-07-01 00:00:00","r","4591"
"2017-08-01 00:00:00","java","13784"
"2017-08-01 00:00:00","delphi","288"
"2017-08-01 00:00:00","assembly","217"
"2017-08-01 00:00:00","c#","11014"
"2017-08-01 00:00:00","c","2055"
"2017-08-01 00:00:00","python","16512"
"2017-08-01 00:00:00","go","615"
"2017-08-01 00:00:00","c++","4809"
"2017-08-01 00:00:00","javascript","21409"
"2017-08-01 00:00:00","ruby","1395"
"2017-08-01 00:00:00","perl","368"
"2017-08-01 00:00:00","swift","4199"
"2017-08-01 00:00:00","r","4582"
"2017-08-01 00:00:00","php","11727"
"2017-09-01 00:00:00","assembly","228"
"2017-09-01 00:00:00","c#","9933"
"2017-09-01 00:00:00","c","2108"
"2017-09-01 00:00:00","python","15485"
"2017-09-01 00:00:00","java","12800"
"2017-09-01 00:00:00","delphi","263"
"2017-09-01 00:00:00","go","544"
"2017-09-01 00:00:00","c++","4487"
"2017-09-01 00:00:00","perl","318"
"2017-09-01 00:00:00","javascript","19041"
"2017-09-01 00:00:00","r","4235"
"2017-09-01 00:00:00","ruby","1224"
"2017-09-01 00:00:00","php","10761"
"2017-09-01 00:00:00","swift","3789"
"2017-10-01 00:00:00","javascript","19923"
"2017-10-01 00:00:00","c","2797"
"2017-10-01 00:00:00","c#","10280"
"2017-10-01 00:00:00","php","10895"
"2017-10-01 00:00:00","delphi","222"
"2017-10-01 00:00:00","assembly","334"
"2017-10-01 00:00:00","go","619"
"2017-10-01 00:00:00","python","17002"
"2017-10-01 00:00:00","java","14051"
"2017-10-01 00:00:00","ruby","1299"
"2017-10-01 00:00:00","c++","5238"
"2017-10-01 00:00:00","r","4552"
"2017-10-01 00:00:00","perl","343"
"2017-10-01 00:00:00","swift","3913"
"2017-11-01 00:00:00","delphi","199"
"2017-11-01 00:00:00","java","14242"
"2017-11-01 00:00:00","r","4531"
"2017-11-01 00:00:00","php","10668"
"2017-11-01 00:00:00","assembly","387"
"2017-11-01 00:00:00","c","2965"
"2017-11-01 00:00:00","perl","280"
"2017-11-01 00:00:00","c#","9855"
"2017-11-01 00:00:00","python","17038"
"2017-11-01 00:00:00","javascript","19457"
"2017-11-01 00:00:00","c++","5053"
"2017-11-01 00:00:00","go","655"
"2017-11-01 00:00:00","ruby","1178"
"2017-11-01 00:00:00","swift","3681"
"2017-12-01 00:00:00","assembly","248"
"2017-12-01 00:00:00","c++","4472"
"2017-12-01 00:00:00","c#","8658"
"2017-12-01 00:00:00","java","12023"
"2017-12-01 00:00:00","delphi","188"
"2017-12-01 00:00:00","javascript","17022"
"2017-12-01 00:00:00","go","530"
"2017-12-01 00:00:00","c","2203"
"2017-12-01 00:00:00","php","9215"
"2017-12-01 00:00:00","ruby","1023"
"2017-12-01 00:00:00","perl","248"
"2017-12-01 00:00:00","swift","3218"
"2017-12-01 00:00:00","python","15004"
"2017-12-01 00:00:00","r","3723"
"2018-01-01 00:00:00","python","16302"
"2018-01-01 00:00:00","assembly","255"
"2018-01-01 00:00:00","java","12391"
"2018-01-01 00:00:00","javascript","18986"
"2018-01-01 00:00:00","c#","9455"
"2018-01-01 00:00:00","c","2231"
"2018-01-01 00:00:00","c++","4776"
"2018-01-01 00:00:00","ruby","1165"
"2018-01-01 00:00:00","swift","3763"
"2018-01-01 00:00:00","perl","253"
"2018-01-01 00:00:00","delphi","194"
"2018-01-01 00:00:00","php","10209"
"2018-01-01 00:00:00","go","545"
"2018-01-01 00:00:00","r","4209"
"2018-02-01 00:00:00","java","12084"
"2018-02-01 00:00:00","delphi","212"
"2018-02-01 00:00:00","assembly","282"
"2018-02-01 00:00:00","c#","8633"
"2018-02-01 00:00:00","c","2154"
"2018-02-01 00:00:00","python","16389"
"2018-02-01 00:00:00","go","584"
"2018-02-01 00:00:00","c++","4591"
"2018-02-01 00:00:00","javascript","17271"
"2018-02-01 00:00:00","ruby","1032"
"2018-02-01 00:00:00","perl","244"
"2018-02-01 00:00:00","swift","3420"
"2018-02-01 00:00:00","r","4517"
"2018-02-01 00:00:00","php","9217"
"2018-03-01 00:00:00","assembly","318"
"2018-03-01 00:00:00","javascript","19204"
"2018-03-01 00:00:00","c#","9855"
"2018-03-01 00:00:00","c","2483"
"2018-03-01 00:00:00","python","17965"
"2018-03-01 00:00:00","c++","5213"
"2018-03-01 00:00:00","delphi","216"
"2018-03-01 00:00:00","go","613"
"2018-03-01 00:00:00","perl","302"
"2018-03-01 00:00:00","ruby","1064"
"2018-03-01 00:00:00","java","13617"
"2018-03-01 00:00:00","php","9930"
"2018-03-01 00:00:00","r","5110"
"2018-03-01 00:00:00","swift","4077"
"2018-04-01 00:00:00","java","13549"
"2018-04-01 00:00:00","assembly","321"
"2018-04-01 00:00:00","c","2206"
"2018-04-01 00:00:00","c#","9293"
"2018-04-01 00:00:00","javascript","18002"
"2018-04-01 00:00:00","php","9011"
"2018-04-01 00:00:00","c++","4686"
"2018-04-01 00:00:00","delphi","204"
"2018-04-01 00:00:00","perl","267"
"2018-04-01 00:00:00","python","17028"
"2018-04-01 00:00:00","r","4746"
"2018-04-01 00:00:00","go","625"
"2018-04-01 00:00:00","ruby","989"
"2018-04-01 00:00:00","swift","3588"
"2018-05-01 00:00:00","assembly","298"
"2018-05-01 00:00:00","c#","9997"
"2018-05-01 00:00:00","c++","4706"
"2018-05-01 00:00:00","python","17628"
"2018-05-01 00:00:00","go","635"
"2018-05-01 00:00:00","javascript","18117"
"2018-05-01 00:00:00","c","2381"
"2018-05-01 00:00:00","java","13518"
"2018-05-01 00:00:00","delphi","193"
"2018-05-01 00:00:00","ruby","1036"
"2018-05-01 00:00:00","perl","257"
"2018-05-01 00:00:00","swift","3633"
"2018-05-01 00:00:00","php","9547"
"2018-05-01 00:00:00","r","4734"
"2018-06-01 00:00:00","c","1849"
"2018-06-01 00:00:00","c#","8840"
"2018-06-01 00:00:00","assembly","208"
"2018-06-01 00:00:00","c++","4122"
"2018-06-01 00:00:00","java","11846"
"2018-06-01 00:00:00","delphi","187"
"2018-06-01 00:00:00","perl","254"
"2018-06-01 00:00:00","javascript","17232"
"2018-06-01 00:00:00","r","4506"
"2018-06-01 00:00:00","go","678"
"2018-06-01 00:00:00","php","8512"
"2018-06-01 00:00:00","python","16857"
"2018-06-01 00:00:00","ruby","999"
"2018-06-01 00:00:00","swift","3161"
"2018-07-01 00:00:00","delphi","206"
"2018-07-01 00:00:00","java","11823"
"2018-07-01 00:00:00","assembly","182"
"2018-07-01 00:00:00","c#","9459"
"2018-07-01 00:00:00","go","696"
"2018-07-01 00:00:00","c","1612"
"2018-07-01 00:00:00","perl","262"
"2018-07-01 00:00:00","python","17981"
"2018-07-01 00:00:00","r","4416"
"2018-07-01 00:00:00","javascript","17862"
"2018-07-01 00:00:00","php","8637"
"2018-07-01 00:00:00","c++","3931"
"2018-07-01 00:00:00","ruby","943"
"2018-07-01 00:00:00","swift","3684"
"2018-08-01 00:00:00","assembly","182"
"2018-08-01 00:00:00","c#","9577"
"2018-08-01 00:00:00","python","17870"
"2018-08-01 00:00:00","c","1702"
"2018-08-01 00:00:00","java","11420"
"2018-08-01 00:00:00","delphi","206"
"2018-08-01 00:00:00","c++","3946"
"2018-08-01 00:00:00","go","711"
"2018-08-01 00:00:00","perl","239"
"2018-08-01 00:00:00","javascript","17975"
"2018-08-01 00:00:00","ruby","883"
"2018-08-01 00:00:00","php","8600"
"2018-08-01 00:00:00","r","4139"
"2018-08-01 00:00:00","swift","3598"
"2018-09-01 00:00:00","c#","8437"
"2018-09-01 00:00:00","c++","3785"
"2018-09-01 00:00:00","python","16154"
"2018-09-01 00:00:00","c","1867"
"2018-09-01 00:00:00","assembly","262"
"2018-09-01 00:00:00","javascript","16096"
"2018-09-01 00:00:00","delphi","185"
"2018-09-01 00:00:00","go","679"
"2018-09-01 00:00:00","perl","218"
"2018-09-01 00:00:00","php","7786"
"2018-09-01 00:00:00","java","10884"
"2018-09-01 00:00:00","ruby","783"
"2018-09-01 00:00:00","r","3809"
"2018-09-01 00:00:00","swift","3158"
"2018-10-01 00:00:00","delphi","226"
"2018-10-01 00:00:00","java","12668"
"2018-10-01 00:00:00","php","8335"
"2018-10-01 00:00:00","r","4392"
"2018-10-01 00:00:00","c#","9423"
"2018-10-01 00:00:00","c","2492"
"2018-10-01 00:00:00","c++","4365"
"2018-10-01 00:00:00","assembly","330"
"2018-10-01 00:00:00","go","798"
"2018-10-01 00:00:00","javascript","17554"
"2018-10-01 00:00:00","ruby","905"
"2018-10-01 00:00:00","perl","299"
"2018-10-01 00:00:00","swift","3301"
"2018-10-01 00:00:00","python","18328"
"2018-11-01 00:00:00","javascript","16329"
"2018-11-01 00:00:00","go","721"
"2018-11-01 00:00:00","python","18209"
"2018-11-01 00:00:00","c","2571"
"2018-11-01 00:00:00","c#","8577"
"2018-11-01 00:00:00","assembly","312"
"2018-11-01 00:00:00","java","11886"
"2018-11-01 00:00:00","c++","4420"
"2018-11-01 00:00:00","perl","245"
"2018-11-01 00:00:00","ruby","835"
"2018-11-01 00:00:00","delphi","181"
"2018-11-01 00:00:00","swift","3002"
"2018-11-01 00:00:00","r","4276"
"2018-11-01 00:00:00","php","7256"
"2018-12-01 00:00:00","javascript","14425"
"2018-12-01 00:00:00","java","10614"
"2018-12-01 00:00:00","c#","7650"
"2018-12-01 00:00:00","c","2246"
"2018-12-01 00:00:00","php","6364"
"2018-12-01 00:00:00","python","15918"
"2018-12-01 00:00:00","c++","3620"
"2018-12-01 00:00:00","assembly","236"
"2018-12-01 00:00:00","ruby","811"
"2018-12-01 00:00:00","delphi","176"
"2018-12-01 00:00:00","swift","2802"
"2018-12-01 00:00:00","perl","232"
"2018-12-01 00:00:00","go","661"
"2018-12-01 00:00:00","r","3443"
"2019-01-01 00:00:00","delphi","220"
"2019-01-01 00:00:00","java","11196"
"2019-01-01 00:00:00","assembly","229"
"2019-01-01 00:00:00","c#","8887"
"2019-01-01 00:00:00","go","666"
"2019-01-01 00:00:00","c","2330"
"2019-01-01 00:00:00","perl","274"
"2019-01-01 00:00:00","python","17163"
"2019-01-01 00:00:00","r","3994"
"2019-01-01 00:00:00","javascript","16170"
"2019-01-01 00:00:00","php","7328"
"2019-01-01 00:00:00","c++","3955"
"2019-01-01 00:00:00","ruby","920"
"2019-01-01 00:00:00","swift","2937"
"2019-02-01 00:00:00","assembly","232"
"2019-02-01 00:00:00","c#","8468"
"2019-02-01 00:00:00","python","17746"
"2019-02-01 00:00:00","c","2092"
"2019-02-01 00:00:00","java","11164"
"2019-02-01 00:00:00","delphi","190"
"2019-02-01 00:00:00","c++","3799"
"2019-02-01 00:00:00","go","636"
"2019-02-01 00:00:00","perl","263"
"2019-02-01 00:00:00","javascript","15862"
"2019-02-01 00:00:00","ruby","787"
"2019-02-01 00:00:00","php","7469"
"2019-02-01 00:00:00","r","4300"
"2019-02-01 00:00:00","swift","2708"
"2019-03-01 00:00:00","java","12254"
"2019-03-01 00:00:00","c++","4507"
"2019-03-01 00:00:00","delphi","189"
"2019-03-01 00:00:00","assembly","284"
"2019-03-01 00:00:00","javascript","17514"
"2019-03-01 00:00:00","c","2425"
"2019-03-01 00:00:00","c#","9082"
"2019-03-01 00:00:00","php","7964"
"2019-03-01 00:00:00","go","729"
"2019-03-01 00:00:00","perl","243"
"2019-03-01 00:00:00","python","20136"
"2019-03-01 00:00:00","r","4550"
"2019-03-01 00:00:00","ruby","851"
"2019-03-01 00:00:00","swift","2979"
"2019-04-01 00:00:00","delphi","206"
"2019-04-01 00:00:00","javascript","16348"
"2019-04-01 00:00:00","assembly","318"
"2019-04-01 00:00:00","c#","9251"
"2019-04-01 00:00:00","php","7393"
"2019-04-01 00:00:00","c++","4470"
"2019-04-01 00:00:00","c","2478"
"2019-04-01 00:00:00","go","655"
"2019-04-01 00:00:00","java","11352"
"2019-04-01 00:00:00","swift","3122"
"2019-04-01 00:00:00","python","20045"
"2019-04-01 00:00:00","ruby","767"
"2019-04-01 00:00:00","perl","219"
"2019-04-01 00:00:00","r","4659"
"2019-05-01 00:00:00","c#","9161"
"2019-05-01 00:00:00","assembly","253"
"2019-05-01 00:00:00","c","2156"
"2019-05-01 00:00:00","delphi","170"
"2019-05-01 00:00:00","javascript","16310"
"2019-05-01 00:00:00","perl","238"
"2019-05-01 00:00:00","java","11297"
"2019-05-01 00:00:00","go","684"
"2019-05-01 00:00:00","c++","4196"
"2019-05-01 00:00:00","php","7169"
"2019-05-01 00:00:00","r","4357"
"2019-05-01 00:00:00","python","19122"
"2019-05-01 00:00:00","swift","3142"
"2019-05-01 00:00:00","ruby","759"
"2019-06-01 00:00:00","java","9787"
"2019-06-01 00:00:00","javascript","15016"
"2019-06-01 00:00:00","c#","7740"
"2019-06-01 00:00:00","go","536"
"2019-06-01 00:00:00","assembly","205"
"2019-06-01 00:00:00","php","6175"
"2019-06-01 00:00:00","c++","3721"
"2019-06-01 00:00:00","c","1780"
"2019-06-01 00:00:00","python","17507"
"2019-06-01 00:00:00","perl","251"
"2019-06-01 00:00:00","ruby","707"
"2019-06-01 00:00:00","delphi","131"
"2019-06-01 00:00:00","swift","3122"
"2019-06-01 00:00:00","r","4004"
"2019-07-01 00:00:00","delphi","164"
"2019-07-01 00:00:00","assembly","195"
"2019-07-01 00:00:00","c++","4331"
"2019-07-01 00:00:00","c","1792"
"2019-07-01 00:00:00","c#","8588"
"2019-07-01 00:00:00","java","11024"
"2019-07-01 00:00:00","python","20030"
"2019-07-01 00:00:00","perl","249"
"2019-07-01 00:00:00","javascript","16403"
"2019-07-01 00:00:00","r","4265"
"2019-07-01 00:00:00","ruby","763"
"2019-07-01 00:00:00","go","641"
"2019-07-01 00:00:00","swift","3086"
"2019-07-01 00:00:00","php","6853"
"2019-08-01 00:00:00","c#","8027"
"2019-08-01 00:00:00","c","1602"
"2019-08-01 00:00:00","c++","3401"
"2019-08-01 00:00:00","python","18805"
"2019-08-01 00:00:00","delphi","172"
"2019-08-01 00:00:00","go","649"
"2019-08-01 00:00:00","javascript","15945"
"2019-08-01 00:00:00","assembly","177"
"2019-08-01 00:00:00","php","6147"
"2019-08-01 00:00:00","java","9646"
"2019-08-01 00:00:00","ruby","792"
"2019-08-01 00:00:00","perl","205"
"2019-08-01 00:00:00","swift","2656"
"2019-08-01 00:00:00","r","4115"
"2019-09-01 00:00:00","java","11332"
"2019-09-01 00:00:00","c","2141"
"2019-09-01 00:00:00","c#","8799"
"2019-09-01 00:00:00","assembly","241"
"2019-09-01 00:00:00","javascript","16846"
"2019-09-01 00:00:00","c++","4129"
"2019-09-01 00:00:00","delphi","164"
"2019-09-01 00:00:00","php","6454"
"2019-09-01 00:00:00","go","671"
"2019-09-01 00:00:00","perl","213"
"2019-09-01 00:00:00","python","19201"
"2019-09-01 00:00:00","r","4471"
"2019-09-01 00:00:00","ruby","791"
"2019-09-01 00:00:00","swift","2880"
"2019-10-01 00:00:00","c#","9463"
"2019-10-01 00:00:00","assembly","349"
"2019-10-01 00:00:00","c++","5295"
"2019-10-01 00:00:00","python","23398"
"2019-10-01 00:00:00","javascript","18386"
"2019-10-01 00:00:00","go","679"
"2019-10-01 00:00:00","c","2656"
"2019-10-01 00:00:00","delphi","162"
"2019-10-01 00:00:00","java","13156"
"2019-10-01 00:00:00","perl","216"
"2019-10-01 00:00:00","ruby","913"
"2019-10-01 00:00:00","php","7057"
"2019-10-01 00:00:00","swift","3450"
"2019-10-01 00:00:00","r","5135"
"2019-11-01 00:00:00","assembly","323"
"2019-11-01 00:00:00","c","2703"
"2019-11-01 00:00:00","c#","9103"
"2019-11-01 00:00:00","c++","5166"
"2019-11-01 00:00:00","perl","235"
"2019-11-01 00:00:00","java","12165"
"2019-11-01 00:00:00","delphi","180"
"2019-11-01 00:00:00","javascript","18187"
"2019-11-01 00:00:00","php","7047"
"2019-11-01 00:00:00","r","4876"
"2019-11-01 00:00:00","go","659"
"2019-11-01 00:00:00","python","23590"
"2019-11-01 00:00:00","ruby","726"
"2019-11-01 00:00:00","swift","3265"
"2019-12-01 00:00:00","assembly","267"
"2019-12-01 00:00:00","delphi","143"
"2019-12-01 00:00:00","java","10602"
"2019-12-01 00:00:00","c#","7978"
"2019-12-01 00:00:00","go","663"
"2019-12-01 00:00:00","python","20526"
"2019-12-01 00:00:00","c","2290"
"2019-12-01 00:00:00","c++","4595"
"2019-12-01 00:00:00","perl","168"
"2019-12-01 00:00:00","ruby","738"
"2019-12-01 00:00:00","javascript","16433"
"2019-12-01 00:00:00","swift","3010"
"2019-12-01 00:00:00","r","4238"
"2019-12-01 00:00:00","php","6069"
"2020-01-01 00:00:00","assembly","239"
"2020-01-01 00:00:00","c#","8665"
"2020-01-01 00:00:00","c","2177"
"2020-01-01 00:00:00","python","22699"
"2020-01-01 00:00:00","java","11522"
"2020-01-01 00:00:00","delphi","178"
"2020-01-01 00:00:00","perl","174"
"2020-01-01 00:00:00","c++","4521"
"2020-01-01 00:00:00","r","4614"
"2020-01-01 00:00:00","go","686"
"2020-01-01 00:00:00","ruby","817"
"2020-01-01 00:00:00","javascript","18076"
"2020-01-01 00:00:00","swift","3166"
"2020-01-01 00:00:00","php","6699"
"2020-02-01 00:00:00","c#","8679"
"2020-02-01 00:00:00","c","2090"
"2020-02-01 00:00:00","c++","4423"
"2020-02-01 00:00:00","python","22938"
"2020-02-01 00:00:00","delphi","168"
"2020-02-01 00:00:00","go","716"
"2020-02-01 00:00:00","javascript","17947"
"2020-02-01 00:00:00","assembly","281"
"2020-02-01 00:00:00","php","6543"
"2020-02-01 00:00:00","java","11602"
"2020-02-01 00:00:00","ruby","706"
"2020-02-01 00:00:00","perl","197"
"2020-02-01 00:00:00","swift","3103"
"2020-02-01 00:00:00","r","5192"
"2020-03-01 00:00:00","java","13253"
"2020-03-01 00:00:00","go","719"
"2020-03-01 00:00:00","c","2670"
"2020-03-01 00:00:00","delphi","181"
"2020-03-01 00:00:00","c#","8954"
"2020-03-01 00:00:00","python","26673"
"2020-03-01 00:00:00","c++","5107"
"2020-03-01 00:00:00","assembly","317"
"2020-03-01 00:00:00","javascript","20483"
"2020-03-01 00:00:00","perl","215"
"2020-03-01 00:00:00","r","5761"
"2020-03-01 00:00:00","php","6672"
"2020-03-01 00:00:00","swift","3434"
"2020-03-01 00:00:00","ruby","780"
"2020-04-01 00:00:00","java","15377"
"2020-04-01 00:00:00","assembly","406"
"2020-04-01 00:00:00","c++","6820"
"2020-04-01 00:00:00","c#","10042"
"2020-04-01 00:00:00","c","3472"
"2020-04-01 00:00:00","delphi","250"
"2020-04-01 00:00:00","javascript","24634"
"2020-04-01 00:00:00","go","887"
"2020-04-01 00:00:00","perl","240"
"2020-04-01 00:00:00","php","8060"
"2020-04-01 00:00:00","ruby","860"
"2020-04-01 00:00:00","python","32605"
"2020-04-01 00:00:00","swift","4015"
"2020-04-01 00:00:00","r","7047"
"2020-05-01 00:00:00","java","14711"
"2020-05-01 00:00:00","c#","9923"
"2020-05-01 00:00:00","assembly","386"
"2020-05-01 00:00:00","delphi","221"
"2020-05-01 00:00:00","c","3602"
"2020-05-01 00:00:00","javascript","25196"
"2020-05-01 00:00:00","go","826"
"2020-05-01 00:00:00","c++","7063"
"2020-05-01 00:00:00","php","7917"
"2020-05-01 00:00:00","python","34478"
"2020-05-01 00:00:00","perl","228"
"2020-05-01 00:00:00","ruby","774"
"2020-05-01 00:00:00","r","6833"
"2020-05-01 00:00:00","swift","4066"
"2020-06-01 00:00:00","delphi","214"
"2020-06-01 00:00:00","java","13015"
"2020-06-01 00:00:00","c++","6161"
"2020-06-01 00:00:00","c","2757"
"2020-06-01 00:00:00","php","7188"
"2020-06-01 00:00:00","assembly","363"
"2020-06-01 00:00:00","c#","9064"
"2020-06-01 00:00:00","go","765"
"2020-06-01 00:00:00","javascript","23360"
"2020-06-01 00:00:00","perl","203"
"2020-06-01 00:00:00","python","31817"
"2020-06-01 00:00:00","r","6249"
"2020-06-01 00:00:00","ruby","670"
"2020-06-01 00:00:00","swift","3733"
"2020-07-01 00:00:00","delphi","212"
"2020-07-01 00:00:00","java","12723"
"2020-07-01 00:00:00","javascript","23802"
"2020-07-01 00:00:00","c++","5756"
"2020-07-01 00:00:00","c#","9145"
"2020-07-01 00:00:00","assembly","298"
"2020-07-01 00:00:00","c","2294"
"2020-07-01 00:00:00","python","31261"
"2020-07-01 00:00:00","php","7334"
"2020-07-01 00:00:00","r","5694"
"2020-07-01 00:00:00","go","743"
"2020-07-01 00:00:00","ruby","775"
"2020-07-01 00:00:00","perl","182"
"2020-07-01 00:00:00","swift","3607"